{"loss":{"0":0.0261118878,"1":0.0156523213,"2":0.0146788144,"3":0.0143114077,"4":0.0138811432,"5":0.0138186943,"6":0.0137930177,"7":0.0137428753,"8":0.013593182,"9":0.0134871295,"10":0.0134188421,"11":0.0134042948,"12":0.0133612053,"13":0.013438601,"14":0.0132587422,"15":0.0132257128,"16":0.0131902043,"17":0.013203864,"18":0.0131068062,"19":0.0131219979,"20":0.013130703,"21":0.0130822891,"22":0.0129968431,"23":0.0129593406,"24":0.0129034165,"25":0.0128403315,"26":0.0128863389,"27":0.0127713336,"28":0.0128534185,"29":0.0127586927,"30":0.0126637518,"31":0.0124625219,"32":0.0127186319,"33":0.0125024254},"mse":{"0":0.0532908291,"1":0.0314312913,"2":0.0294863842,"3":0.0287697781,"4":0.0278438739,"5":0.0277158115,"6":0.0276748948,"7":0.0275610555,"8":0.027263863,"9":0.027048979,"10":0.0269022565,"11":0.026874762,"12":0.0267853737,"13":0.0269873347,"14":0.0265820492,"15":0.026519103,"16":0.0264494997,"17":0.026461957,"18":0.0262581576,"19":0.0262927413,"20":0.0263135135,"21":0.0262214709,"22":0.0260392409,"23":0.0259650368,"24":0.0258407984,"25":0.0257208757,"26":0.0258113965,"27":0.0255872812,"28":0.0257488452,"29":0.025557097,"30":0.0253604464,"31":0.0249541793,"32":0.0254750587,"33":0.0250341762},"val_loss":{"0":0.0054181041,"1":0.0052483599,"2":0.0050849868,"3":0.0046485262,"4":0.0051577576,"5":0.0049968702,"6":0.0056295665,"7":0.0054123155,"8":0.0050944034,"9":0.0051875859,"10":0.0052263956,"11":0.0047011389,"12":0.0046966826,"13":0.00502295,"14":0.0045633567,"15":0.0046920041,"16":0.004797332,"17":0.0044058859,"18":0.0052141491,"19":0.0043362719,"20":0.0049493047,"21":0.0049288427,"22":0.0043402202,"23":0.0044077067,"24":0.0048993784,"25":0.0050136494,"26":0.0045555444,"27":0.0047045904,"28":0.0046237647,"29":0.0046278997,"30":0.0046435096,"31":0.0046554543,"32":0.004910212,"33":0.0055201123},"val_mse":{"0":0.0108417869,"1":0.0104974052,"2":0.0101706311,"3":0.0093013057,"4":0.0103159994,"5":0.0099951103,"6":0.0112596126,"7":0.010825173,"8":0.0101890769,"9":0.010376689,"10":0.0104545029,"11":0.009404703,"12":0.0093958071,"13":0.0100478409,"14":0.0091291619,"15":0.009386587,"16":0.0095994882,"17":0.008814292,"18":0.0104290731,"19":0.008681695,"20":0.0099005643,"21":0.0098619387,"22":0.0086837001,"23":0.0088188229,"24":0.009800856,"25":0.0100285178,"26":0.0091152629,"27":0.0094138961,"28":0.0092502981,"29":0.00925887,"30":0.009290454,"31":0.0093179885,"32":0.0098246112,"33":0.0110458406}}