{"loss":{"0":0.0260104276,"1":0.016322976,"2":0.0153887887,"3":0.0150188971,"4":0.0147465076,"5":0.014631493,"6":0.0144736683,"7":0.0143007701,"8":0.0141939856,"9":0.0141260931,"10":0.014062779,"11":0.0140601229,"12":0.0139570963,"13":0.013761715,"14":0.0136756347,"15":0.0136006735,"16":0.0135469148,"17":0.0134238349,"18":0.0133476276,"19":0.0132277608,"20":0.0130714439},"mse":{"0":0.0532920174,"1":0.0327448323,"2":0.0309016071,"3":0.0301355459,"4":0.0295658279,"5":0.0293483399,"6":0.0290286262,"7":0.0286812615,"8":0.0284627154,"9":0.0283210892,"10":0.0282108281,"11":0.0281728543,"12":0.0279646777,"13":0.0275776573,"14":0.027395023,"15":0.0272630472,"16":0.0271584485,"17":0.0269184802,"18":0.0267470088,"19":0.0264918096,"20":0.0261947829},"val_loss":{"0":0.0067661749,"1":0.0067066271,"2":0.0091082621,"3":0.0071859863,"4":0.0078893043,"5":0.0061316714,"6":0.0067116478,"7":0.006382809,"8":0.007536123,"9":0.0067806104,"10":0.0051510665,"11":0.0084785204,"12":0.0078567294,"13":0.0077380631,"14":0.0084229363,"15":0.0056187282,"16":0.0090220021,"17":0.0085822046,"18":0.0078027016,"19":0.0068560406,"20":0.0071503348},"val_mse":{"0":0.0135328425,"1":0.0134136081,"2":0.018227743,"3":0.0143725062,"4":0.0157786384,"5":0.0122637879,"6":0.0134234866,"7":0.012765618,"8":0.0150728263,"9":0.0135613177,"10":0.0103028165,"11":0.0169643536,"12":0.0157149658,"13":0.0154771777,"14":0.016846519,"15":0.011237721,"16":0.01806508,"17":0.0171674658,"18":0.0156092793,"19":0.0137122739,"20":0.0143115744}}