{"loss":{"0":0.0230401177,"1":0.0154236192,"2":0.0146661205,"3":0.0143476482,"4":0.0142611247,"5":0.0140492627,"6":0.0139517821,"7":0.0139604621,"8":0.0136912661,"9":0.01358518,"10":0.0135806315,"11":0.0133826239,"12":0.0132338461,"13":0.0132659432},"mse":{"0":0.0466690287,"1":0.0309688263,"2":0.0294253342,"3":0.0287471525,"4":0.0286277272,"5":0.0281719733,"6":0.0279628169,"7":0.0279946718,"8":0.0274329986,"9":0.0272290614,"10":0.0272053871,"11":0.026827991,"12":0.0265167728,"13":0.0265814383},"val_loss":{"0":0.0131321205,"1":0.0171327516,"2":0.0082039284,"3":0.0055630421,"4":0.0076025035,"5":0.0068230256,"6":0.0059064454,"7":0.0098929983,"8":0.0059865168,"9":0.005816061,"10":0.0057871467,"11":0.0065531335,"12":0.0068305745,"13":0.0074549792},"val_mse":{"0":0.0262769293,"1":0.0343045592,"2":0.0164082777,"3":0.0111261373,"4":0.0152057242,"5":0.0136468057,"6":0.0118129142,"7":0.0197912678,"8":0.0119730355,"9":0.0116323866,"10":0.0115743969,"11":0.0131065696,"12":0.0136638517,"13":0.0149117364}}