{"loss":{"0":0.0252371207,"1":0.0159369968,"2":0.0151294684,"3":0.0146998661,"4":0.014489159,"5":0.0143564772,"6":0.0143268714,"7":0.0142357312,"8":0.0141763072,"9":0.0141084334,"10":0.0140863722,"11":0.0140293753,"12":0.0139535898,"13":0.0140525205,"14":0.0138297789,"15":0.013859571,"16":0.0137199797,"17":0.013882176,"18":0.0137408953,"19":0.0137231713,"20":0.0137908226,"21":0.0137242377},"mse":{"0":0.0513855182,"1":0.0319999792,"2":0.0303551853,"3":0.0294815768,"4":0.0290546995,"5":0.0287981313,"6":0.0287377574,"7":0.0285677128,"8":0.0284194481,"9":0.0282872226,"10":0.0282629952,"11":0.0281447768,"12":0.0279788859,"13":0.0281686205,"14":0.0277186334,"15":0.0277780909,"16":0.0274885092,"17":0.0278274436,"18":0.0275369957,"19":0.0275072921,"20":0.0276353154,"21":0.0274944734},"val_loss":{"0":0.0120865265,"1":0.0088125104,"2":0.0091295661,"3":0.0094168447,"4":0.007124817,"5":0.0068026274,"6":0.0063151554,"7":0.0080927592,"8":0.0071933493,"9":0.0074968026,"10":0.009495344,"11":0.0059581553,"12":0.0074771605,"13":0.0117740761,"14":0.0076990733,"15":0.006689915,"16":0.0086278776,"17":0.0070808646,"18":0.011254576,"19":0.0092751924,"20":0.0073972004,"21":0.0079227528},"val_mse":{"0":0.0241838023,"1":0.0176254902,"2":0.0182596967,"3":0.0188337993,"4":0.0142500773,"5":0.0136063593,"6":0.0126303667,"7":0.0161864888,"8":0.0143868849,"9":0.0149945356,"10":0.0189923849,"11":0.0119165583,"12":0.0149556678,"13":0.0235599279,"14":0.0153982649,"15":0.0133805359,"16":0.0172573868,"17":0.0141618606,"18":0.0225286763,"19":0.0185567513,"20":0.0147999357,"21":0.0158509593}}