{"loss":{"0":0.0290460512,"1":0.0167690683,"2":0.0158573985,"3":0.0151386373,"4":0.0150426971,"5":0.0147645259,"6":0.0147029571,"7":0.0146025456,"8":0.014584478,"9":0.0146281272,"10":0.0145980716,"11":0.0144199571,"12":0.01438569,"13":0.0144482572,"14":0.0145008136,"15":0.0143334121,"16":0.0142064989},"mse":{"0":0.0595197603,"1":0.0336535014,"2":0.0318126865,"3":0.0303591024,"4":0.0301742181,"5":0.0296035931,"6":0.0294861067,"7":0.0292834938,"8":0.0292318668,"9":0.0293433256,"10":0.0292693637,"11":0.0289239623,"12":0.028837787,"13":0.028990088,"14":0.0290678106,"15":0.0287387948,"16":0.0284786187},"val_loss":{"0":0.0110362126,"1":0.014946348,"2":0.0112820854,"3":0.0137066348,"4":0.0172091629,"5":0.012623555,"6":0.009436545,"7":0.0118069192,"8":0.0115717687,"9":0.0098348102,"10":0.012512817,"11":0.0097955503,"12":0.0111721437,"13":0.0161522906,"14":0.0131242294,"15":0.0095562013,"16":0.0119803185},"val_mse":{"0":0.022079248,"1":0.0299043767,"2":0.0225656983,"3":0.0274194703,"4":0.0344550684,"5":0.02525145,"6":0.0188730899,"7":0.0236173384,"8":0.0231439434,"9":0.0196697079,"10":0.025029894,"11":0.0195912104,"12":0.0223455187,"13":0.0323272794,"14":0.0262539349,"15":0.0191133879,"16":0.0239615943}}