{"loss":{"0":0.0019471203,"1":0.001043278,"2":0.0009261295,"3":0.000869404,"4":0.0008367667,"5":0.0008147872,"6":0.0007823451,"7":0.0007666577,"8":0.0007505421,"9":0.0007209411,"10":0.0007192958,"11":0.0006992422,"12":0.0007064653,"13":0.0007024822,"14":0.0006957131,"15":0.0006809941,"16":0.0006777121,"17":0.0006845579,"18":0.0006574697,"19":0.0006569254,"20":0.0006531115,"21":0.0006417533,"22":0.0006437573,"23":0.0006399797,"24":0.0006350216,"25":0.0006362348,"26":0.000628272,"27":0.0006231645,"28":0.0006289646,"29":0.0006287126,"30":0.0006270573,"31":0.000628024,"32":0.0006215206,"33":0.0006201608,"34":0.0006237108,"35":0.0006133743,"36":0.0006255031,"37":0.0006209423,"38":0.0006138919,"39":0.0006188172,"40":0.0006082396,"41":0.0006166061,"42":0.0006196833},"mse":{"0":0.0038942406,"1":0.0020865561,"2":0.001852259,"3":0.001738808,"4":0.0016735335,"5":0.0016295745,"6":0.0015646901,"7":0.0015333154,"8":0.0015010842,"9":0.0014418822,"10":0.0014385915,"11":0.0013984843,"12":0.0014129307,"13":0.0014049645,"14":0.0013914262,"15":0.0013619883,"16":0.0013554243,"17":0.0013691158,"18":0.0013149393,"19":0.0013138507,"20":0.001306223,"21":0.0012835065,"22":0.0012875146,"23":0.0012799595,"24":0.0012700432,"25":0.0012724695,"26":0.0012565439,"27":0.0012463289,"28":0.0012579293,"29":0.0012574253,"30":0.0012541146,"31":0.001256048,"32":0.0012430411,"33":0.0012403216,"34":0.0012474216,"35":0.0012267486,"36":0.0012510063,"37":0.0012418845,"38":0.0012277839,"39":0.0012376343,"40":0.0012164791,"41":0.0012332122,"42":0.0012393666},"val_loss":{"0":0.0007979611,"1":0.0004962435,"2":0.0003320209,"3":0.0003738607,"4":0.0002978013,"5":0.0003065568,"6":0.0002899572,"7":0.0003717445,"8":0.000317304,"9":0.0003389711,"10":0.0003419404,"11":0.000338825,"12":0.0003504677,"13":0.0003265145,"14":0.00029913,"15":0.0002918379,"16":0.0002831603,"17":0.0002917197,"18":0.0002519798,"19":0.0003079226,"20":0.0003231057,"21":0.0002611415,"22":0.0002980415,"23":0.0003543636,"24":0.0002670445,"25":0.000315673,"26":0.0003185229,"27":0.0002455506,"28":0.0002574705,"29":0.0003028247,"30":0.0002865668,"31":0.0002944497,"32":0.0002539079,"33":0.0002762142,"34":0.0002786963,"35":0.0002619153,"36":0.000265519,"37":0.0002690613,"38":0.0002747614,"39":0.0002807431,"40":0.0003789125,"41":0.0002577372,"42":0.000269282},"val_mse":{"0":0.0015959222,"1":0.000992487,"2":0.0006640417,"3":0.0007477214,"4":0.0005956026,"5":0.0006131136,"6":0.0005799145,"7":0.000743489,"8":0.000634608,"9":0.0006779421,"10":0.0006838808,"11":0.00067765,"12":0.0007009355,"13":0.000653029,"14":0.0005982599,"15":0.0005836759,"16":0.0005663207,"17":0.0005834394,"18":0.0005039596,"19":0.0006158451,"20":0.0006462114,"21":0.000522283,"22":0.0005960829,"23":0.0007087272,"24":0.000534089,"25":0.0006313461,"26":0.0006370459,"27":0.0004911011,"28":0.0005149411,"29":0.0006056493,"30":0.0005731336,"31":0.0005888994,"32":0.0005078159,"33":0.0005524285,"34":0.0005573925,"35":0.0005238306,"36":0.0005310381,"37":0.0005381227,"38":0.0005495229,"39":0.0005614861,"40":0.000757825,"41":0.0005154744,"42":0.0005385639}}