{"loss":{"0":0.024856329,"1":0.0192291122,"2":0.0182661805,"3":0.0177597869,"4":0.0173060354,"5":0.0170290079,"6":0.0168062914,"7":0.016460171,"8":0.0162881725,"9":0.0161134489,"10":0.0158703178,"11":0.0156085379,"12":0.0154549126,"13":0.0153653324,"14":0.015091531,"15":0.0148987174,"16":0.0150188515,"17":0.0148581862,"18":0.0146508133,"19":0.0145190293,"20":0.0143429134,"21":0.0142033203,"22":0.0140005145,"23":0.013980181,"24":0.0138491755,"25":0.0138181392,"26":0.0137649607,"27":0.0136966622,"28":0.0135825966,"29":0.0135577619,"30":0.0138507644,"31":0.0135492962,"32":0.0134735089,"33":0.0133303674,"34":0.0133194011,"35":0.0132973576,"36":0.0133167971},"mse":{"0":0.0506089553,"1":0.0388085693,"2":0.0370677151,"3":0.0358707346,"4":0.0348845199,"5":0.0343278237,"6":0.0338696092,"7":0.0331662782,"8":0.0327774324,"9":0.0324224383,"10":0.0319233872,"11":0.0313858241,"12":0.0310496967,"13":0.0308745764,"14":0.0303449202,"15":0.0299389847,"16":0.030181773,"17":0.0298477653,"18":0.0294264462,"19":0.0291559622,"20":0.0288003106,"21":0.0285255145,"22":0.0281039122,"23":0.0280618798,"24":0.0278023854,"25":0.0277208705,"26":0.0276281107,"27":0.0274935104,"28":0.0272656847,"29":0.0272186771,"30":0.0278142896,"31":0.0271780025,"32":0.0270535313,"33":0.0267583486,"34":0.0267360564,"35":0.0274994988,"36":0.0269219149},"val_loss":{"0":0.0143399863,"1":0.0150136165,"2":0.0165334567,"3":0.0153101273,"4":0.0119476933,"5":0.0134633062,"6":0.0133076496,"7":0.0107603548,"8":0.0102947298,"9":0.0111013185,"10":0.0126025137,"11":0.010372553,"12":0.0102231419,"13":0.0088460017,"14":0.0113436673,"15":0.0123660788,"16":0.0125163058,"17":0.0119842058,"18":0.0100862533,"19":0.0111249955,"20":0.0093019605,"21":0.0128703527,"22":0.0078812856,"23":0.0092597613,"24":0.0122006508,"25":0.0104141692,"26":0.0081100613,"27":0.0094516799,"28":0.0105326297,"29":0.0081680221,"30":0.0115817422,"31":0.0104694869,"32":0.009751278,"33":0.0090756388,"34":0.0095424801,"35":0.0088988319,"36":0.0096236691},"val_mse":{"0":0.0288229622,"1":0.0303198323,"2":0.0331885144,"3":0.0307471603,"4":0.0239401814,"5":0.0270532984,"6":0.0267087612,"7":0.0216029789,"8":0.0206357557,"9":0.0222182423,"10":0.0252917837,"11":0.0207662769,"12":0.0204843339,"13":0.0177201964,"14":0.0227646567,"15":0.0247661658,"16":0.0250782259,"17":0.024064986,"18":0.0202363711,"19":0.0223261304,"20":0.018663425,"21":0.0258150995,"22":0.015797209,"23":0.0185729824,"24":0.0244795438,"25":0.0208917968,"26":0.0162528828,"27":0.0189299714,"28":0.0211132579,"29":0.0163574889,"30":0.0232498497,"31":0.0209945887,"32":0.0195451472,"33":0.0181920193,"34":0.0191308521,"35":0.0178300589,"36":0.0192785468}}