ccs_mean,ccs_std
2.0033276434337964e-35,5.763779676837118e-36
